{"cameraMode":{"drawMode":0,"name":"Shaded","section":"Shading Mode"},"sceneLighting":true,"audioPlay":false,"sceneViewState":{"showFog":true,"showMaterialUpdate":false,"showSkybox":true,"showFlares":true,"showImageEffects":true,"showParticleSystems":true},"in2DMode":false,"pivot":{"x":-5.902649879455566,"y":-6.454687595367432,"z":13.488653182983399},"rotation":{"x":-0.21183551847934724,"y":0.10880628973245621,"z":-0.02373884990811348,"w":-0.9709394574165344},"size":25.51786231994629,"orthographic":false}