{"cameraMode":{"drawMode":0,"name":"Shaded","section":"Shading Mode"},"sceneLighting":true,"audioPlay":false,"sceneViewState":{"showFog":true,"showMaterialUpdate":false,"showSkybox":true,"showFlares":true,"showImageEffects":true,"showParticleSystems":true},"in2DMode":false,"pivot":{"x":5.986621856689453,"y":-4.706753253936768,"z":14.37217903137207},"rotation":{"x":-0.1647011786699295,"y":-0.2207650989294052,"z":0.037852562963962558,"w":-0.9605745673179627},"size":39.524566650390628,"orthographic":false}