{"cameraMode":{"drawMode":0,"name":"Shaded","section":"Shading Mode"},"sceneLighting":true,"audioPlay":false,"sceneViewState":{"showFog":true,"showMaterialUpdate":false,"showSkybox":true,"showFlares":true,"showImageEffects":true,"showParticleSystems":true},"in2DMode":false,"pivot":{"x":31.061782836914064,"y":-16.51443099975586,"z":15.633007049560547},"rotation":{"x":-0.21734417974948884,"y":-0.4187365770339966,"z":0.10393591970205307,"w":-0.8755761981010437},"size":71.31098175048828,"orthographic":false}