{"cameraMode":{"drawMode":0,"name":"Shaded","section":"Shading Mode"},"sceneLighting":true,"audioPlay":false,"sceneViewState":{"showFog":true,"showMaterialUpdate":false,"showSkybox":true,"showFlares":true,"showImageEffects":true,"showParticleSystems":true},"in2DMode":false,"pivot":{"x":0.16898393630981446,"y":1.053339958190918,"z":-0.7653157711029053},"rotation":{"x":0.5152530074119568,"y":-0.0042894333600997929,"z":0.0025788606144487859,"w":0.857025682926178},"size":36.2413215637207,"orthographic":false}