{"cameraMode":{"drawMode":0,"name":"Shaded","section":"Shading Mode"},"sceneLighting":true,"audioPlay":false,"sceneViewState":{"showFog":true,"showMaterialUpdate":false,"showSkybox":true,"showFlares":true,"showImageEffects":true,"showParticleSystems":true},"in2DMode":false,"pivot":{"x":-3.7384166717529299,"y":-4.444509506225586,"z":-11.144023895263672},"rotation":{"x":-0.16726678609848023,"y":0.053798820823431018,"z":-0.0091414088383317,"w":-0.9843999743461609},"size":20.500003814697267,"orthographic":false}